hand,wins,times_dealt,win_rate
AA,1326,2684,0.494
AKs,603,1840,0.3277
AKo,1549,5441,0.2847
AQs,535,1752,0.3054
AQo,1475,5462,0.27
AJs,492,1790,0.2749
AJo,1481,5463,0.2711
ATs,533,1778,0.2998
ATo,1349,5362,0.2516
A9s,453,1783,0.2541
A9o,1201,5420,0.2216
A8s,448,1854,0.2416
A8o,1200,5485,0.2188
A7s,442,1780,0.2483
A7o,1117,5458,0.2047
A6s,452,1832,0.2467
A6o,1067,5448,0.1959
A5s,411,1771,0.2321
A5o,1101,5406,0.2037
A4s,416,1826,0.2278
A4o,1064,5519,0.1928
A3s,397,1737,0.2286
A3o,998,5467,0.1825
A2s,390,1868,0.2088
A2o,993,5383,0.1845
KK,1187,2715,0.4372
KQs,527,1825,0.2888
KQo,1486,5344,0.2781
KJs,510,1759,0.2899
KJo,1374,5477,0.2509
KTs,500,1801,0.2776
KTo,1279,5330,0.24
K9s,462,1853,0.2493
K9o,1139,5373,0.212
K8s,435,1880,0.2314
K8o,1007,5399,0.1865
K7s,391,1811,0.2159
K7o,937,5333,0.1757
K6s,415,1887,0.2199
K6o,982,5466,0.1797
K5s,385,1750,0.22
K5o,950,5533,0.1717
K4s,368,1784,0.2063
K4o,928,5464,0.1698
K3s,373,1775,0.2101
K3o,899,5338,0.1684
K2s,345,1790,0.1927
K2o,838,5383,0.1557
QQ,1038,2651,0.3916
QJs,526,1805,0.2914
QJo,1325,5330,0.2486
QTs,471,1825,0.2581
QTo,1229,5359,0.2293
Q9s,440,1792,0.2455
Q9o,1109,5390,0.2058
Q8s,410,1858,0.2207
Q8o,1029,5486,0.1876
Q7s,387,1780,0.2174
Q7o,930,5396,0.1723
Q6s,404,1835,0.2202
Q6o,906,5479,0.1654
Q5s,337,1815,0.1857
Q5o,876,5424,0.1615
Q4s,340,1797,0.1892
Q4o,800,5417,0.1477
Q3s,340,1863,0.1825
Q3o,750,5418,0.1384
Q2s,348,1861,0.187
Q2o,831,5559,0.1495
JJ,921,2740,0.3361
JTs,478,1856,0.2575
JTo,1286,5373,0.2393
J9s,422,1848,0.2284
J9o,1102,5503,0.2003
J8s,377,1862,0.2025
J8o,982,5441,0.1805
J7s,358,1792,0.1998
J7o,911,5419,0.1681
J6s,346,1814,0.1907
J6o,829,5435,0.1525
J5s,353,1818,0.1942
J5o,765,5383,0.1421
J4s,329,1745,0.1885
J4o,787,5463,0.1441
J3s,348,1774,0.1962
J3o,722,5453,0.1324
J2s,321,1829,0.1755
J2o,706,5398,0.1308
TT,822,2709,0.3034
T9s,434,1825,0.2378
T9o,1164,5577,0.2087
T8s,360,1793,0.2008
T8o,1009,5417,0.1863
T7s,357,1732,0.2061
T7o,877,5313,0.1651
T6s,329,1789,0.1839
T6o,805,5542,0.1453
T5s,314,1863,0.1685
T5o,767,5459,0.1405
T4s,299,1784,0.1676
T4o,739,5396,0.137
T3s,303,1771,0.1711
T3o,742,5519,0.1344
T2s,298,1778,0.1676
T2o,638,5470,0.1166
99,714,2724,0.2621
98s,383,1821,0.2103
98o,951,5449,0.1745
97s,367,1815,0.2022
97o,937,5438,0.1723
96s,329,1833,0.1795
96o,765,5371,0.1424
95s,306,1778,0.1721
95o,719,5388,0.1334
94s,292,1852,0.1577
94o,610,5361,0.1138
93s,277,1812,0.1529
93o,612,5445,0.1124
92s,294,1862,0.1579
92o,599,5452,0.1099
88,677,2689,0.2518
87s,353,1805,0.1956
87o,910,5490,0.1658
86s,344,1780,0.1933
86o,833,5551,0.1501
85s,335,1789,0.1873
85o,764,5388,0.1418
84s,322,1821,0.1768
84o,602,5452,0.1104
83s,284,1842,0.1542
83o,635,5508,0.1153
82s,261,1838,0.142
82o,584,5493,0.1063
77,569,2711,0.2099
76s,367,1808,0.203
76o,871,5510,0.1581
75s,344,1807,0.1904
75o,815,5476,0.1488
74s,285,1697,0.1679
74o,712,5437,0.131
73s,241,1831,0.1316
73o,606,5336,0.1136
72s,255,1765,0.1445
72o,545,5373,0.1014
66,549,2676,0.2052
65s,327,1799,0.1818
65o,802,5503,0.1457
64s,312,1819,0.1715
64o,744,5473,0.1359
63s,285,1776,0.1605
63o,614,5351,0.1147
62s,271,1757,0.1542
62o,572,5537,0.1033
55,495,2689,0.1841
54s,304,1812,0.1678
54o,766,5510,0.139
53s,290,1751,0.1656
53o,656,5377,0.122
52s,281,1845,0.1523
52o,572,5519,0.1036
44,442,2638,0.1676
43s,289,1753,0.1649
43o,612,5368,0.114
42s,255,1805,0.1413
42o,573,5457,0.105
33,439,2683,0.1636
32s,230,1759,0.1308
32o,554,5443,0.1018
22,435,2800,0.1554
