hand,times_dealt,wins,win_rate,lead_flop,lead_turn,lead_rate_flop,lead_rate_turn,flop_lead_won,turn_lead_won,conv_rate_flop,conv_rate_turn
AA,27356,13422,0.4906,21790,17253,0.7965,0.6307,12696,12518,0.5827,0.7256
AKs,18078,5820,0.3219,6234,6090,0.3448,0.3369,3591,4488,0.576,0.7369
AKo,54222,15753,0.2905,18356,17224,0.3385,0.3177,10489,12465,0.5714,0.7237
AQs,17925,5521,0.308,5817,5719,0.3245,0.3191,3409,4192,0.586,0.733
AQo,54133,14677,0.2711,16844,15884,0.3112,0.2934,9459,11390,0.5616,0.7171
AJs,18156,5258,0.2896,5504,5357,0.3032,0.2951,3097,3898,0.5627,0.7276
AJo,54343,14075,0.259,16051,15108,0.2954,0.278,8838,10779,0.5506,0.7135
ATs,17940,5077,0.283,5075,5080,0.2829,0.2832,2818,3681,0.5553,0.7246
ATo,54431,13530,0.2486,15152,14134,0.2784,0.2597,8238,10054,0.5437,0.7113
A9s,18088,4666,0.258,4714,4583,0.2606,0.2534,2551,3277,0.5412,0.715
A9o,54321,12011,0.2211,14159,12849,0.2607,0.2365,7367,8859,0.5203,0.6895
A8s,17944,4544,0.2532,4488,4433,0.2501,0.247,2481,3202,0.5528,0.7223
A8o,54574,11375,0.2084,12881,11861,0.236,0.2173,6659,8252,0.517,0.6957
A7s,18306,4468,0.2441,4236,4286,0.2314,0.2341,2351,3126,0.555,0.7294
A7o,54433,10919,0.2006,12177,11264,0.2237,0.2069,6297,7816,0.5171,0.6939
A6s,18166,4259,0.2344,3917,3948,0.2156,0.2173,2131,2893,0.544,0.7328
A6o,54354,10415,0.1916,11162,10518,0.2054,0.1935,5727,7294,0.5131,0.6935
A5s,18111,4410,0.2435,3780,3981,0.2087,0.2198,2103,2966,0.5563,0.745
A5o,54368,10967,0.2017,10719,10698,0.1972,0.1968,5659,7542,0.5279,0.705
A4s,17980,4238,0.2357,3432,3784,0.1909,0.2105,1940,2829,0.5653,0.7476
A4o,54362,10448,0.1922,10231,10253,0.1882,0.1886,5369,7162,0.5248,0.6985
A3s,18189,4172,0.2294,3400,3765,0.1869,0.207,1971,2808,0.5797,0.7458
A3o,54208,10196,0.1881,9658,9945,0.1782,0.1835,5081,6951,0.5261,0.6989
A2s,18016,4027,0.2235,3078,3657,0.1708,0.203,1770,2708,0.575,0.7405
A2o,54278,9836,0.1812,9119,9572,0.168,0.1764,4804,6737,0.5268,0.7038
KK,27243,11819,0.4338,19167,15057,0.7036,0.5527,10858,10813,0.5665,0.7181
KQs,17994,5302,0.2947,5041,5333,0.2801,0.2964,2971,3957,0.5894,0.742
KQo,54271,14368,0.2647,14993,15025,0.2763,0.2769,8627,10844,0.5754,0.7217
KJs,18353,5220,0.2844,4873,5109,0.2655,0.2784,2836,3783,0.582,0.7405
KJo,54014,13429,0.2486,13824,13846,0.2559,0.2563,7704,9841,0.5573,0.7107
KTs,18298,4960,0.2711,4445,4738,0.2429,0.2589,2524,3473,0.5678,0.733
KTo,54695,12946,0.2367,13008,13092,0.2378,0.2394,7229,9311,0.5557,0.7112
K9s,18016,4449,0.2469,4097,4333,0.2274,0.2405,2255,3107,0.5504,0.7171
K9o,54386,11435,0.2103,12000,11725,0.2206,0.2156,6367,8178,0.5306,0.6975
K8s,18017,4083,0.2266,3785,3887,0.2101,0.2157,2025,2797,0.535,0.7196
K8o,54308,10256,0.1888,10884,10577,0.2004,0.1948,5665,7240,0.5205,0.6845
K7s,17810,4025,0.226,3581,3720,0.2011,0.2089,1920,2646,0.5362,0.7113
K7o,54181,9982,0.1842,10330,10025,0.1907,0.185,5385,6924,0.5213,0.6907
K6s,18065,3918,0.2169,3298,3545,0.1826,0.1962,1813,2547,0.5497,0.7185
K6o,54156,9625,0.1777,9655,9437,0.1783,0.1743,5048,6599,0.5228,0.6993
K5s,17990,3880,0.2157,3163,3497,0.1758,0.1944,1750,2557,0.5533,0.7312
K5o,53974,9281,0.172,8873,8960,0.1644,0.166,4561,6217,0.514,0.6939
K4s,17910,3582,0.2,2883,3207,0.161,0.1791,1562,2294,0.5418,0.7153
K4o,54279,8928,0.1645,8445,8646,0.1556,0.1593,4394,5993,0.5203,0.6932
K3s,17962,3704,0.2062,2794,3263,0.1556,0.1817,1595,2396,0.5709,0.7343
K3o,54567,8729,0.16,8038,8486,0.1473,0.1555,4258,5908,0.5297,0.6962
K2s,18142,3605,0.1987,2712,3153,0.1495,0.1738,1489,2304,0.549,0.7307
K2o,54369,8590,0.158,7559,8268,0.139,0.1521,4065,5876,0.5378,0.7107
QQ,27063,10392,0.384,16803,13205,0.6209,0.4879,9253,9399,0.5507,0.7118
QJs,18078,5040,0.2788,4389,4801,0.2428,0.2656,2536,3531,0.5778,0.7355
QJo,54160,13111,0.2421,12286,13012,0.2268,0.2403,6977,9340,0.5679,0.7178
QTs,18158,4952,0.2727,4082,4563,0.2248,0.2513,2342,3361,0.5737,0.7366
QTo,54432,12632,0.2321,11829,12283,0.2173,0.2257,6560,8846,0.5546,0.7202
Q9s,18216,4205,0.2308,3691,3977,0.2026,0.2183,1984,2826,0.5375,0.7106
Q9o,54378,11168,0.2054,10774,11023,0.1981,0.2027,5762,7758,0.5348,0.7038
Q8s,17986,4019,0.2235,3369,3610,0.1873,0.2007,1827,2592,0.5423,0.718
Q8o,54149,10010,0.1849,9937,10047,0.1835,0.1855,5117,6892,0.5149,0.686
Q7s,18236,3743,0.2053,3231,3498,0.1772,0.1918,1699,2467,0.5258,0.7053
Q7o,54525,9193,0.1686,9097,9012,0.1668,0.1653,4620,6186,0.5079,0.6864
Q6s,18126,3652,0.2015,2929,3251,0.1616,0.1794,1549,2318,0.5288,0.713
Q6o,54176,8788,0.1622,8430,8511,0.1556,0.1571,4276,5820,0.5072,0.6838
Q5s,18029,3482,0.1931,2719,3088,0.1508,0.1713,1455,2221,0.5351,0.7192
Q5o,53821,8519,0.1583,8019,8077,0.149,0.1501,4006,5510,0.4996,0.6822
Q4s,18021,3380,0.1876,2579,2996,0.1431,0.1663,1368,2100,0.5304,0.7009
Q4o,54403,8301,0.1526,7500,7815,0.1379,0.1437,3824,5396,0.5099,0.6905
Q3s,18272,3475,0.1902,2558,2969,0.14,0.1625,1403,2169,0.5485,0.7305
Q3o,53904,7798,0.1447,6914,7335,0.1283,0.1361,3573,5002,0.5168,0.6819
Q2s,17972,3249,0.1808,2315,2816,0.1288,0.1567,1268,2052,0.5477,0.7287
Q2o,54437,7553,0.1387,6488,7148,0.1192,0.1313,3339,4864,0.5146,0.6805
JJ,27194,9246,0.34,15070,11569,0.5542,0.4254,8023,8115,0.5324,0.7014
JTs,18080,4761,0.2633,3642,4301,0.2014,0.2379,2075,3158,0.5697,0.7342
JTo,54185,12316,0.2273,10657,11550,0.1967,0.2132,5777,8256,0.5421,0.7148
J9s,18042,4316,0.2392,3355,3837,0.186,0.2127,1836,2761,0.5472,0.7196
J9o,54244,10960,0.202,9933,10465,0.1831,0.1929,5314,7430,0.535,0.71
J8s,18003,3961,0.22,3150,3548,0.175,0.1971,1701,2543,0.54,0.7167
J8o,54403,9734,0.1789,8990,9389,0.1652,0.1726,4575,6441,0.5089,0.686
J7s,18175,3652,0.2009,2951,3212,0.1624,0.1767,1573,2298,0.533,0.7154
J7o,54262,9046,0.1667,8362,8598,0.1541,0.1585,4194,5888,0.5016,0.6848
J6s,17999,3263,0.1813,2619,2916,0.1455,0.162,1308,2005,0.4994,0.6876
J6o,54649,8185,0.1498,7778,7661,0.1423,0.1402,3780,5181,0.486,0.6763
J5s,17994,3403,0.1891,2453,2788,0.1363,0.1549,1283,2017,0.523,0.7235
J5o,53992,7686,0.1424,7056,7187,0.1307,0.1331,3370,4802,0.4776,0.6682
J4s,18164,3397,0.187,2386,2805,0.1314,0.1544,1267,2021,0.531,0.7205
J4o,54274,7672,0.1414,6709,7050,0.1236,0.1299,3329,4820,0.4962,0.6837
J3s,18128,3175,0.1751,2219,2688,0.1224,0.1483,1181,1908,0.5322,0.7098
J3o,54252,7364,0.1357,6232,6664,0.1149,0.1228,3127,4559,0.5018,0.6841
J2s,17960,3048,0.1697,2085,2602,0.1161,0.1449,1105,1843,0.53,0.7083
J2o,54557,7149,0.131,5962,6555,0.1093,0.1201,2995,4447,0.5023,0.6784
TT,27079,8216,0.3034,13276,10310,0.4903,0.3807,6866,7142,0.5172,0.6927
T9s,18243,4437,0.2432,3334,3855,0.1828,0.2113,1813,2827,0.5438,0.7333
T9o,54207,11155,0.2058,9185,10184,0.1694,0.1879,4901,7274,0.5336,0.7143
T8s,18002,3992,0.2218,2953,3475,0.164,0.193,1553,2502,0.5259,0.72
T8o,54308,10161,0.1871,8699,9377,0.1602,0.1727,4491,6550,0.5163,0.6985
T7s,18077,3695,0.2044,2714,3209,0.1501,0.1775,1451,2291,0.5346,0.7139
T7o,54480,9063,0.1664,7855,8448,0.1442,0.1551,3910,5774,0.4978,0.6835
T6s,17915,3395,0.1895,2552,2823,0.1425,0.1576,1280,2007,0.5016,0.7109
T6o,53976,8216,0.1522,7209,7539,0.1336,0.1397,3493,5095,0.4845,0.6758
T5s,18201,3218,0.1768,2308,2684,0.1268,0.1475,1138,1845,0.4931,0.6874
T5o,54369,7380,0.1357,6481,6610,0.1192,0.1216,3005,4379,0.4637,0.6625
T4s,18327,3202,0.1747,2194,2562,0.1197,0.1398,1139,1805,0.5191,0.7045
T4o,54120,7132,0.1318,6122,6446,0.1131,0.1191,2914,4295,0.476,0.6663
T3s,18081,3007,0.1663,2086,2482,0.1154,0.1373,1049,1732,0.5029,0.6978
T3o,54552,6884,0.1262,5770,6311,0.1058,0.1157,2752,4176,0.4769,0.6617
T2s,18126,2943,0.1624,1926,2420,0.1063,0.1335,997,1725,0.5177,0.7128
T2o,54141,6632,0.1225,5463,6063,0.1009,0.112,2623,4049,0.4801,0.6678
99,27165,7239,0.2665,11633,8902,0.4282,0.3277,5829,6130,0.5011,0.6886
98s,18325,3963,0.2163,2874,3404,0.1568,0.1858,1528,2454,0.5317,0.7209
98o,54394,9883,0.1817,7994,9023,0.147,0.1659,4187,6374,0.5238,0.7064
97s,18366,3692,0.201,2699,3177,0.147,0.173,1409,2272,0.522,0.7151
97o,54335,8938,0.1645,7505,8198,0.1381,0.1509,3696,5637,0.4925,0.6876
96s,17933,3348,0.1867,2294,2770,0.1279,0.1545,1183,1976,0.5157,0.7134
96o,54671,8235,0.1506,6683,7318,0.1222,0.1339,3283,5046,0.4912,0.6895
95s,17966,3088,0.1719,2107,2506,0.1173,0.1395,1036,1768,0.4917,0.7055
95o,54385,7070,0.13,6187,6506,0.1138,0.1196,2789,4238,0.4508,0.6514
94s,18252,2967,0.1626,2074,2369,0.1136,0.1298,1013,1657,0.4884,0.6995
94o,54480,6609,0.1213,5699,5957,0.1046,0.1093,2640,3940,0.4632,0.6614
93s,17996,2809,0.1561,1897,2333,0.1054,0.1296,937,1606,0.4939,0.6884
93o,54150,6213,0.1147,5247,5703,0.0969,0.1053,2419,3736,0.461,0.6551
92s,17947,2826,0.1575,1799,2259,0.1002,0.1259,930,1593,0.517,0.7052
92o,54397,6065,0.1115,5033,5519,0.0925,0.1015,2351,3616,0.4671,0.6552
88,27356,6782,0.2479,10294,8087,0.3763,0.2956,5268,5653,0.5118,0.699
87s,18116,3729,0.2058,2583,3134,0.1426,0.173,1373,2272,0.5316,0.725
87o,54860,9176,0.1673,7217,8084,0.1316,0.1474,3623,5666,0.502,0.7009
86s,18068,3408,0.1886,2318,2777,0.1283,0.1537,1149,1938,0.4957,0.6979
86o,54374,8353,0.1536,6392,7210,0.1176,0.1326,3056,5006,0.4781,0.6943
85s,18272,3279,0.1795,2116,2678,0.1158,0.1466,1096,1912,0.518,0.714
85o,54206,7348,0.1356,5874,6556,0.1084,0.1209,2740,4407,0.4665,0.6722
84s,17944,2993,0.1668,1872,2392,0.1043,0.1333,934,1671,0.4989,0.6986
84o,54526,6619,0.1214,5329,5950,0.0977,0.1091,2470,3970,0.4635,0.6672
83s,17912,2619,0.1462,1790,2135,0.0999,0.1192,868,1444,0.4849,0.6763
83o,54774,5958,0.1088,4836,5365,0.0883,0.0979,2244,3518,0.464,0.6557
82s,18109,2690,0.1485,1691,2119,0.0934,0.117,851,1486,0.5033,0.7013
82o,54202,5671,0.1046,4670,5133,0.0862,0.0947,2167,3403,0.464,0.663
77,27030,6041,0.2235,8956,7037,0.3313,0.2603,4521,4946,0.5048,0.7029
76s,17920,3432,0.1915,2159,2723,0.1205,0.152,1144,1972,0.5299,0.7242
76o,54637,8553,0.1565,6136,7260,0.1123,0.1329,3108,5109,0.5065,0.7037
75s,17973,3116,0.1734,1934,2461,0.1076,0.1369,952,1720,0.4922,0.6989
75o,54324,7879,0.145,5792,6751,0.1066,0.1243,2800,4681,0.4834,0.6934
74s,17977,3085,0.1716,1922,2450,0.1069,0.1363,1008,1753,0.5245,0.7155
74o,54382,6934,0.1275,5130,5985,0.0943,0.1101,2452,4007,0.478,0.6695
73s,17994,2753,0.153,1677,2182,0.0932,0.1213,855,1543,0.5098,0.7071
73o,53879,5997,0.1113,4604,5265,0.0855,0.0977,2167,3504,0.4707,0.6655
72s,17910,2544,0.142,1565,1981,0.0874,0.1106,785,1363,0.5016,0.688
72o,54340,5262,0.0968,4169,4673,0.0767,0.086,1899,3032,0.4555,0.6488
66,27139,5625,0.2073,8185,6488,0.3016,0.2391,4042,4542,0.4938,0.7001
65s,17926,3323,0.1854,1962,2616,0.1094,0.1459,992,1883,0.5056,0.7198
65o,54410,8154,0.1499,5394,6782,0.0991,0.1246,2705,4774,0.5015,0.7039
64s,18156,3014,0.166,1760,2401,0.0969,0.1322,863,1706,0.4903,0.7105
64o,54676,7122,0.1303,4905,6028,0.0897,0.1102,2388,4170,0.4869,0.6918
63s,18003,2875,0.1597,1554,2164,0.0863,0.1202,796,1519,0.5122,0.7019
63o,54339,6508,0.1198,4461,5520,0.0821,0.1016,2110,3735,0.473,0.6766
62s,18020,2557,0.1419,1514,2001,0.084,0.111,713,1394,0.4709,0.6967
62o,54367,5618,0.1033,4027,4757,0.0741,0.0875,1865,3205,0.4631,0.6737
55,27221,5298,0.1946,7326,5926,0.2691,0.2177,3671,4163,0.5011,0.7025
54s,17986,3216,0.1788,1726,2423,0.096,0.1347,918,1758,0.5319,0.7255
54o,53986,7525,0.1394,4725,6231,0.0875,0.1154,2241,4280,0.4743,0.6869
53s,18147,2984,0.1644,1528,2246,0.0842,0.1238,799,1624,0.5229,0.7231
53o,54515,6962,0.1277,4261,5596,0.0782,0.1027,2128,3901,0.4994,0.6971
52s,17952,2727,0.1519,1436,2089,0.08,0.1164,733,1471,0.5104,0.7042
52o,54218,6038,0.1114,3976,5052,0.0733,0.0932,1888,3416,0.4748,0.6762
44,26979,4683,0.1736,6214,5126,0.2303,0.19,3131,3643,0.5039,0.7107
43s,18325,2908,0.1587,1532,2215,0.0836,0.1209,820,1568,0.5352,0.7079
43o,54339,6553,0.1206,4147,5429,0.0763,0.0999,2025,3729,0.4883,0.6869
42s,18193,2717,0.1493,1359,2026,0.0747,0.1114,714,1456,0.5254,0.7187
42o,54140,5792,0.107,3674,4770,0.0679,0.0881,1747,3256,0.4755,0.6826
33,27197,4599,0.1691,5665,4878,0.2083,0.1794,2971,3568,0.5244,0.7314
32s,18269,2573,0.1408,1356,1958,0.0742,0.1072,699,1401,0.5155,0.7155
32o,53865,5322,0.0988,3414,4583,0.0634,0.0851,1602,3015,0.4692,0.6579
22,27200,4404,0.1619,5158,4565,0.1896,0.1678,2811,3390,0.545,0.7426
